Team,Player,Position,Age,Experience,College,Games_Played,FGA_total,FGA_avg,FGA_max,FGM_total,FGM_avg,FGM_max,XPA_total,XPA_avg,XPA_max,XPM_total,XPM_avg,XPM_max
Bears,Cairo Santos,K,33.0,10,Tulane,142,271.0,1.8435374149659864,7.0,232.0,1.5782312925170068,7.0,313.0,2.129251700680272,6.0,297.0,2.020408163265306,6.0
Commanders,Austin Seibert,K,28.0,5,Oklahoma,39,83.0,1.2205882352941178,7.0,70.0,1.0294117647058822,7.0,84.0,1.2352941176470589,5.0,78.0,1.1470588235294117,5.0
Cowboys,Brandon Aubrey,K,29.0,1,Notre Dame,27,64.0,2.3703703703703702,5.0,59.0,2.185185185185185,5.0,66.0,2.4444444444444446,7.0,63.0,2.3333333333333335,7.0
Eagles,Jake Elliott,K,29.0,7,Memphis,123,214.0,1.7258064516129032,5.0,182.0,1.467741935483871,5.0,309.0,2.4919354838709675,7.0,296.0,2.3870967741935485,6.0
Giants,Graham Gano,K,37.0,15,Florida St.,196,391.0,1.8101851851851851,6.0,327.0,1.5138888888888888,5.0,406.0,1.8796296296296295,6.0,387.0,1.7916666666666667,6.0
Lions,Jake Bates,K,25.0,1,Texas St.Arkansas,11,16.0,1.4545454545454546,4.0,16.0,1.4545454545454546,4.0,43.0,3.909090909090909,7.0,42.0,3.8181818181818183,7.0
Packers,Brandon McManus,K,33.0,10,Temple,167,319.0,1.910179640718563,6.0,260.0,1.5568862275449102,6.0,334.0,2.0,6.0,325.0,1.9461077844311376,6.0
Vikings,John Parker Romo,K,27.0,1,Central ArkansasTulsaVirginia Tech,3,8.0,1.0,4.0,8.0,1.0,4.0,6.0,0.75,3.0,5.0,0.625,3.0
